<?xml version="1.0" encoding="utf-8"?>

<pml_schema xmlns="http://ufal.mff.cuni.cz/pdt/pml/schema/"  version="1.1">
  <revision>1.0.0</revision>
  <description>Tags from BBN corpus</description>

  <type name="bbn_tag.type">
    <choice>
      <value>ANIMAL</value>
      <value>CARDINAL</value>
      <value>CONTACT_INFO:ADDRESS</value>
      <value>CONTACT_INFO:OTHER</value>
      <value>CONTACT_INFO:PHONE</value>
      <value>DATE</value>
      <value>DATE:AGE</value>
      <value>DATE:DATE</value>
      <value>DATE:DURATION</value>
      <value>DATE:OTHER</value>
      <value>DISEASE</value>
      <value>EVENT:HURRICANE</value>
      <value>EVENT:OTHER</value>
      <value>EVENT:WAR</value>
      <value>FAC:AIRPORT</value>
      <value>FAC:ATTRACTION</value>
      <value>FAC:BRIDGE</value>
      <value>FAC:BUILDING</value>
      <value>FAC:HIGHWAY_STREET</value>
      <value>FAC:HOTEL</value>
      <value>FAC:OTHER</value>
      <value>FAC_DESC:AIRPORT</value>
      <value>FAC_DESC:ATTRACTION</value>
      <value>FAC_DESC:BRIDGE</value>
      <value>FAC_DESC:BUILDING</value>
      <value>FAC_DESC:HIGHWAY_STREET</value>
      <value>FAC_DESC:OTHER</value>
      <value>FAC_DESC:STREET_HIGHWAY</value>
      <value>GAME</value>
      <value>GPE:CITY</value>
      <value>GPE:COUNTRY</value>
      <value>GPE:OTHER</value>
      <value>GPE:STATE_PROVINCE</value>
      <value>GPE_DESC:CITY</value>
      <value>GPE_DESC:COUNTRY</value>
      <value>GPE_DESC:OTHER</value>
      <value>GPE_DESC:STATE_PROVINCE</value>
      <value>LANGUAGE</value>
      <value>LAW</value>
      <value>LOCATION</value>
      <value>LOCATION:BORDER</value>
      <value>LOCATION:CITY</value>
      <value>LOCATION:CONTINENT</value>
      <value>LOCATION:LAKE_SEA_OCEAN</value>
      <value>LOCATION:OTHER</value>
      <value>LOCATION:REGION</value>
      <value>LOCATION:RIVER</value>
      <value>MONEY</value>
      <value>NORP:NATIONALITY</value>
      <value>NORP:OTHER</value>
      <value>NORP:POLITICAL</value>
      <value>NORP:RELIGION</value>
      <value>ORDINAL</value>
      <value>ORGANIZATION:CITY</value>
      <value>ORGANIZATION:CORPORATION</value>
      <value>ORGANIZATION:EDUCATIONAL</value>
      <value>ORGANIZATION:GOVERNMENT</value>
      <value>ORGANIZATION:HOSPITAL</value>
      <value>ORGANIZATION:HOTEL</value>
      <value>ORGANIZATION:MUSEUM</value>
      <value>ORGANIZATION:OTHER</value>
      <value>ORGANIZATION:POLITICAL</value>
      <value>ORGANIZATION:RELIGIOUS</value>
      <value>ORGANIZATION:STATE_PROVINCE</value>
      <value>ORG_DESC:CORPORATION</value>
      <value>ORG_DESC:EDUCATIONAL</value>
      <value>ORG_DESC:GOVERNMENT</value>
      <value>ORG_DESC:HOSPITAL</value>
      <value>ORG_DESC:HOTEL</value>
      <value>ORG_DESC:MUSEUM</value>
      <value>ORG_DESC:OTHER</value>
      <value>ORG_DESC:POLITICAL</value>
      <value>ORG_DESC:RELIGIOUS</value>
      <value>PERCENT</value>
      <value>PERSON</value>
      <value>PER_DESC</value>
      <value>PLANT</value>
      <value>PRODCUT:OTHER</value>
      <value>PRODUCT:DRUG</value>
      <value>PRODUCT:FOOD</value>
      <value>PRODUCT:OTHER</value>
      <value>PRODUCT:VEHICLE</value>
      <value>PRODUCT:WEAPON</value>
      <value>PRODUCT_DESC:OTHER</value>
      <value>PRODUCT_DESC:VEHICLE</value>
      <value>PRODUCT_DESC:WEAPON</value>
      <value>QUANTITY:1D</value>
      <value>QUANTITY:2D</value>
      <value>QUANTITY:3D</value>
      <value>QUANTITY:ENERGY</value>
      <value>QUANTITY:OTHER</value>
      <value>QUANTITY:SPEED</value>
      <value>QUANTITY:TEMPERATURE</value>
      <value>QUANTITY:WEIGHT</value>
      <value>SUBSTANCE:CHEMICAL</value>
      <value>SUBSTANCE:DRUG</value>
      <value>SUBSTANCE:FOOD</value>
      <value>SUBSTANCE:NUCLEAR</value>
      <value>SUBSTANCE:OTHER</value>
      <value>TIME</value>
      <value>WORK_OF_ART:BOOK</value>
      <value>WORK_OF_ART:OTHER</value>
      <value>WORK_OF_ART:PAINTING</value>
      <value>WORK_OF_ART:PLAY</value>
      <value>WORK_OF_ART:SONG</value>
    </choice>
  </type>

</pml_schema>
