<?xml version="1.0" encoding="utf-8"?>

<pml_schema xmlns="http://ufal.mff.cuni.cz/pdt/pml/schema/"  version="1.1">
  <revision>1.0.0</revision>
  <description>N-layer (named-entity layer)</description>

  <type name="n-root.type">
    <structure role="#NODE" name="n-root">
      <member name="id" role="#ID" as_attribute="1"
      required="1"><cdata format="ID"/></member>
      <member name="children" role="#CHILDNODES">
        <list type="n-node.type" ordered="1"/>
      </member>
      <member name="wild_dump"><cdata format="any"/></member>
    </structure>
  </type>

  <type name="n-node.type">
    <structure role="#NODE" name="n-node">
      <member name="id" role="#ID" as_attribute="1"
      required="1"><cdata format="ID"/></member>
      <member name="ne_type" ><cdata format="any"/></member>
      <member name="normalized_name"><cdata format="any"/></member>
      <member name="a.rf">
        <list ordered="0">
          <cdata format="PMLREF"/>
        </list>
      </member>
      <member name="children" role="#CHILDNODES">
        <list type="n-node.type" ordered="1"/>
      </member>
      <member name="wild_dump"><cdata format="any"/></member>
    </structure>
  </type>



</pml_schema>
