<?xml version="1.0" encoding="utf-8"?>

<pml_schema xmlns="http://ufal.mff.cuni.cz/pdt/pml/schema/"  version="1.1">
  <revision>1.0.0</revision>
  <description>Data for TMT (Tecto Machine Translation)</description>
  <!-- Treex sub-schema containing ISO 639 language codes -->


  <!-- Lang fields contain ISO 639 language code -->
  <!-- If a language uses multiple writing systems, they can be distinguished by ISO 15924 script code.
       If one script is current official while the others are historical, only the historical scripts are to be marked.
       Example:
          ku-latn = Kurdish in Latin script
          ku-arab = Kurdish in Arabic script
          ku-cyrl = Kurdish in Cyrillic script
          az      = Azeri (in Latin script, which is current official and thus default)
          az-cyrl = Azeri in Cyrillic script (used during the Soviet era) -->
  <!-- This is not an exhausting list. New codes can be added as needed.
       Go to http://en.wikipedia.org/wiki/ISO_639 for codes of other languages.
       Go to http://cs.wikipedia.org/wiki/Seznam_p%C3%ADsem for codes of other writing systems.
       -->
  <type name="langcode.type">
    <choice>
      <!-- Slavic languages -->
      <value>cs</value> <!-- Czech -->
      <value>sk</value> <!-- Slovak -->
      <value>pl</value> <!-- Polish -->
      <value>dsb</value> <!-- Lower Sorbian -->
      <value>hsb</value> <!-- Upper Sorbian -->
      <value>be</value> <!-- Belarusian -->
      <value>uk</value> <!-- Ukrainian -->
      <value>ru</value> <!-- Russian -->
      <value>orv</value> <!-- Old Russian -->
      <value>sl</value> <!-- Slovene -->
      <value>hr</value> <!-- Croatian -->
      <value>sr</value> <!-- Serbian -->
      <value>bs</value> <!-- Bosnian -->
      <value>sh</value> <!-- Serbo-Croatian (common code for hr, sr, bs) -->
      <value>mk</value> <!-- Macedonian -->
      <value>bg</value> <!-- Bulgarian -->
      <value>qpm</value> <!-- Pomak -->
      <value>cu</value> <!-- Old Church Slavonic -->
      <!-- Germanic languages -->
      <value>en</value> <!-- English -->
      <value>de</value> <!-- German -->
      <value>nds</value> <!-- Low Saxon -->
      <value>osx</value> <!-- Old Saxon -->
      <value>nl</value> <!-- Dutch -->
      <value>af</value> <!-- Afrikaans -->
      <value>fy</value> <!-- Frisian -->
      <value>lb</value> <!-- Luxemburgish -->
      <value>li</value> <!-- Limburgish -->
      <value>gsw</value> <!-- Swiss German -->
      <value>yi</value> <!-- Yiddish -->
      <value>da</value> <!-- Danish -->
      <value>sv</value> <!-- Swedish -->
      <value>no</value> <!-- Norwegian (common code for bokmål and nynorsk?) -->
      <value>nb</value> <!-- Norwegian Bokmål -->
      <value>nn</value> <!-- Nynorsk (New Norwegian) -->
      <value>fo</value> <!-- Faroese -->
      <value>is</value> <!-- Icelandic -->
      <value>got</value> <!-- Gothic -->
      <!-- Romance and Italic languages -->
      <value>xum</value> <!-- Umbrian -->
      <value>la</value> <!-- Latin -->
      <value>it</value> <!-- Italian -->
      <value>lij</value> <!-- Ligurian -->
      <value>nap</value> <!-- Neapolitan -->
      <value>es</value> <!-- Spanish -->
      <value>lad</value> <!-- Ladino -->
      <value>pt</value> <!-- Portuguese -->
      <value>gl</value> <!-- Galician -->
      <value>an</value> <!-- Aragonese -->
      <value>ca</value> <!-- Catalan -->
      <value>oc</value> <!-- Occitan -->
      <value>fr</value> <!-- French -->
      <value>frm</value> <!-- Middle French -->
      <value>fro</value> <!-- Old French -->
      <value>wa</value> <!-- Walloon -->
      <value>ht</value> <!-- Haitian -->
      <value>rm</value> <!-- Rhaeto-Romance -->
      <value>co</value> <!-- Corsican -->
      <value>sc</value> <!-- Sardinian -->
      <value>ro</value> <!-- Romanian -->
      <value>mo</value> <!-- Moldovan (deprecated: use Romanian) -->
      <!-- Celtic languages -->
      <value>pgl</value> <!-- Archaic Irish -->
      <value>sga</value> <!-- Old Irish -->
      <value>mga</value> <!-- Middle Irish -->
      <value>ga</value> <!-- Irish -->
      <value>gd</value> <!-- Scottish (Gaelic) -->
      <value>gv</value> <!-- Manx -->
      <value>kw</value> <!-- Cornish -->
      <value>cy</value> <!-- Welsh -->
      <value>br</value> <!-- Breton -->
      <!-- Baltic languages -->
      <value>lt</value> <!-- Lithuanian -->
      <value>lv</value> <!-- Latvian -->
      <!-- other Indo-European languages in Europe and Caucasus -->
      <value>sq</value> <!-- Albanian -->
      <value>aln</value> <!-- Gheg (Albanian) -->
      <value>el</value> <!-- Greek -->
      <value>cpg</value> <!-- Cappadocian -->
      <value>pnt</value> <!-- Pontic -->
      <value>grc</value> <!-- Ancient Greek -->
      <value>hy</value> <!-- Armenian -->
      <value>hyw</value> <!-- Western Armenian -->
      <value>hit</value> <!-- Hittite -->
      <!-- Iranian languages -->
      <value>ku</value> <!-- Kurdish -->
      <value>kmr</value> <!-- Kurmanji (Northern Kurdish) -->
      <value>ckb</value> <!-- Sorani (Central Kurdish) -->
      <value>kfm</value> <!-- Khunsari -->
      <value>nyq</value> <!-- Nayini -->
      <value>soj</value> <!-- Soi -->
      <value>fa</value> <!-- Persian -->
      <value>ae</value> <!-- Avestan -->
      <value>os</value> <!-- Ossetic -->
      <value>tg</value> <!-- Tajiki (in Cyrillic script) -->
      <value>bal</value> <!-- Balochi -->
      <value>ps</value> <!-- Pashto -->
      <!-- Dardic and Indo-Aryan languages -->
      <value>ks</value> <!-- Kashmiri (in Arabic script) -->
      <value>sa</value> <!-- Sanskrit -->
      <value>pra</value> <!-- Prakrit -->
      <value>pi</value> <!-- Pāli -->
      <value>sd</value> <!-- Sindhi -->
      <value>pa</value> <!-- Punjabi -->
      <value>ur</value> <!-- Urdu -->
      <value>hi</value> <!-- Hindi -->
      <value>bh</value> <!-- Bihari -->
      <value>bho</value> <!-- Bhojpuri -->
      <value>mag</value> <!-- Magahi -->
      <value>xnr</value> <!-- Kangri -->
      <value>mjl</value> <!-- Mandyali -->
      <value>ne</value> <!-- Nepali -->
      <value>or</value> <!-- Oriya -->
      <value>bn</value> <!-- Bengali -->
      <value>as</value> <!-- Assamese -->
      <value>gu</value> <!-- Gujarati -->
      <value>mr</value> <!-- Marathi -->
      <value>si</value> <!-- Sinhala -->
      <value>dv</value> <!-- Divehi -->
      <value>rmy</value> <!-- Romany -->
      <!-- Semitic languages -->
      <value>akk</value> <!-- Akkadian -->
      <value>aii</value> <!-- Assyrian -->
      <value>ar</value> <!-- Arabic -->
      <value>ajp</value> <!-- South Levantine Arabic -->
      <value>aeb</value> <!-- Tunisian Arabic -->
      <value>mt</value> <!-- Maltese -->
      <value>hbo</value> <!-- Ancient Hebrew -->
      <value>he</value> <!-- Hebrew -->
      <value>am</value> <!-- Amharic -->
      <value>ti</value> <!-- Tigrinya -->
      <!-- other Afroasiatic languages -->
      <value>kab</value> <!-- Kabyle -->
      <value>gqa</value> <!-- Ga -->
      <value>ha</value> <!-- Hausa -->
      <value>say</value> <!-- Zaar -->
      <value>cop</value> <!-- Coptic -->
      <value>aa</value> <!-- Afar -->
      <value>om</value> <!-- Oromo -->
      <value>so</value> <!-- Somali -->
      <value>bej</value> <!-- Beja -->
      <!-- Nilo-Saharan languages -->
      <value>kr</value> <!-- Kanuri -->
      <value>laj</value> <!-- Lango -->
      <!-- Niger-Congo languages -->
      <value>ff</value> <!-- Fulah / Fulbe -->
      <value>wo</value> <!-- Wolof -->
      <value>bm</value> <!-- Bambara -->
      <value>mxx</value> <!-- Mauka -->
      <value>tw</value> <!-- Twi (Akan) -->
      <value>ee</value> <!-- Ewe -->
      <value>yo</value> <!-- Yoruba -->
      <value>ig</value> <!-- Igbo -->
      <value>sg</value> <!-- Sango -->
      <value>kfz</value> <!-- Koromfe -->
      <!-- Bantu languages -->
      <value>ln</value> <!-- Lingala (Ngala) C30 -->
      <value>rw</value> <!-- Kinyarwanda (Rwanda) [J]D61 -->
      <value>rn</value> <!-- Kirundi (Rundi) [J]D62 -->
      <value>lg</value> <!-- Luganda (Ganda) [J]E15 -->
      <value>ki</value> <!-- Kikuyu E51 -->
      <value>sw</value> <!-- Swahili G40 -->
      <value>kg</value> <!-- Kongo H10 -->
      <value>lu</value> <!-- Luba-Katanga L33 -->
      <value>ny</value> <!-- Chichewa (Nyanja) N31 -->
      <value>ndg</value> <!-- Ndengeleko P11 -->
      <value>kj</value> <!-- Kuanyama R21 -->
      <value>ng</value> <!-- Ndonga (Owambo) R22 -->
      <value>hz</value> <!-- Herero R31 -->
      <value>sn</value> <!-- Shona S11 Korekore, S12 Zezuru, S14 Karanga -->
      <value>ve</value> <!-- Venda S21 -->
      <value>tn</value> <!-- Tswana S31 -->
      <value>st</value> <!-- Southern Sotho S33 -->
      <value>xh</value> <!-- Xhosa S41 -->
      <value>zu</value> <!-- Zulu S42 -->
      <value>ss</value> <!-- Swati S43 -->
      <value>nd</value> <!-- North Ndebele S44 -->
      <value>nr</value> <!-- South Ndebele S407 -->
      <value>ts</value> <!-- Tsonga S53 -->
      <value>cgg</value> <!-- Kiga -->
      <value>bav</value> <!-- Babungo -->
      <value>nyn</value> <!-- Nkore -->
      <!-- other African languages -->
      <value>naq</value> <!-- Khoekhoe -->
      <!-- Uralic languages -->
      <value>hu</value> <!-- Hungarian -->
      <value>fi</value> <!-- Finnish -->
      <value>krl</value> <!-- Karelian -->
      <value>olo</value> <!-- Livvi -->
      <value>et</value> <!-- Estonian -->
      <value>vep</value> <!-- Veps -->
      <value>kv</value> <!-- Komi -->
      <value>koi</value> <!-- Komi Permyak -->
      <value>kpv</value> <!-- Komi Zyrian -->
      <value>myv</value> <!-- Erzya -->
      <value>mdf</value> <!-- Moksha -->
      <value>se</value> <!-- Northern Sami -->
      <value>sme</value> <!-- Northern Sami -->
      <value>sms</value> <!-- Skolt Sami -->
      <!-- other European and Caucasian languages -->
      <value>eu</value> <!-- Basque -->
      <value>ka</value> <!-- Georgian -->
      <value>lzz</value> <!-- Laz -->
      <value>ab</value> <!-- Abkhaz -->
      <value>abq</value> <!-- Abaza -->
      <value>ce</value> <!-- Chechen -->
      <value>av</value> <!-- Avaric -->
      <value>dar</value> <!-- Dargwa -->
      <value>lez</value> <!-- Lezgian -->
      <!-- Turkic languages -->
      <value>otk</value> <!-- Old Turkish -->
      <value>tr</value> <!-- Turkish -->
      <value>az</value> <!-- Azeri -->
      <value>cv</value> <!-- Chuvash -->
      <value>ba</value> <!-- Bashkir -->
      <value>tt</value> <!-- Tatar -->
      <value>tk</value> <!-- Turkmen -->
      <value>uz</value> <!-- Uzbek -->
      <value>kaa</value> <!-- Karakalpak -->
      <value>kk</value> <!-- Kazakh -->
      <value>ky</value> <!-- Kyrgyz -->
      <value>ug</value> <!-- Uyghur -->
      <value>sah</value> <!-- Yakut -->
      <!-- other Altay languages -->
      <value>xal</value> <!-- Kalmyk -->
      <value>bxr</value> <!-- Buryat -->
      <value>mn</value> <!-- Mongol -->
      <value>sjo</value> <!-- Xibe -->
      <value>ko</value> <!-- Korean -->
      <value>ja</value> <!-- Japanese -->
      <value>ojp</value> <!-- Old Japanese -->
      <value>sux</value> <!-- Sumerian -->
      <!-- Dravidian languages -->
      <value>te</value> <!-- Telugu -->
      <value>kn</value> <!-- Kannada -->
      <value>ml</value> <!-- Malayalam -->
      <value>ta</value> <!-- Tamil -->
      <!-- Sino-Tibetan and Tai-Kadai languages -->
      <value>lzh</value> <!-- Classical Chinese -->
      <value>zh</value> <!-- Chinese -->
      <value>hak</value> <!-- Hakka -->
      <value>nan</value> <!-- Taiwanese -->
      <value>yue</value> <!-- Cantonese -->
      <value>za</value> <!-- Zhuang -->
      <value>lo</value> <!-- Lao -->
      <value>th</value> <!-- Thai -->
      <value>my</value> <!-- Burmese -->
      <value>ii</value> <!-- Yi -->
      <value>bo</value> <!-- Tibetan -->
      <value>dz</value> <!-- Dzongkha -->
      <value>prx</value> <!-- Purki -->
      <value>lus</value> <!-- Mizo -->
      <!-- Austro-Asian languages -->
      <value>vi</value> <!-- Vietnamese -->
      <value>km</value> <!-- Khmer -->
      <value>pbv</value> <!-- Pnar -->
      <!-- Austronesian languages -->
      <value>mg</value> <!-- Malagasy -->
      <value>ms</value> <!-- Malay -->
      <value>id</value> <!-- Indonesian -->
      <value>jv</value> <!-- Javanese -->
      <value>su</value> <!-- Sundanese -->
      <value>ch</value> <!-- Chamorro -->
      <value>tl</value> <!-- Tagalog -->
      <value>ceb</value> <!-- Cebuano -->
      <value>hil</value> <!-- Hiligaynon -->
      <value>ifb</value> <!-- Batad Ifugao -->
      <value>na</value> <!-- Nauruan -->
      <value>mh</value> <!-- Marshallese -->
      <value>ho</value> <!-- Hiri Motu -->
      <value>fj</value> <!-- Fijian -->
      <value>to</value> <!-- Tongan -->
      <value>sm</value> <!-- Samoan -->
      <value>mi</value> <!-- Māori -->
      <value>ty</value> <!-- Tahitian -->
      <!-- Australian languages -->
      <value>dbl</value> <!-- Dyirbal -->
      <value>zmu</value> <!-- Muruwari -->
      <value>wbp</value> <!-- Warlpiri -->
      <value>yii</value> <!-- Yidiny -->
      <value>gcd</value> <!-- Yukulta -->
      <!-- Chukotko-Kamchatkan languages -->
      <value>ckt</value> <!-- Chukchi -->
      <!-- Eskimo-Aleutan languages -->
      <value>ess</value> <!-- Yupik -->
      <value>ik</value> <!-- Inupiaq -->
      <value>iu</value> <!-- Inuit -->
      <value>kl</value> <!-- Greenlandic -->
      <!-- American Indian languages -->
      <value>cr</value> <!-- Cree -->
      <value>oj</value> <!-- Ojibwa -->
      <value>nv</value> <!-- Navajo -->
      <value>mov</value> <!-- Mojave -->
      <value>nhi</value> <!-- Western Sierra Puebla Nahuatl -->
      <value>azz</value> <!-- Highland Puebla Nahuatl -->
      <value>nci</value> <!-- Classical Nahuatl -->
      <value>quc</value> <!-- Kiche -->
      <value>bzd</value> <!-- Bribri -->
      <value>apu</value> <!-- Apurinã -->
      <value>qu</value> <!-- Quechua -->
      <value>quz</value> <!-- Cusco Quechua -->
      <value>ay</value> <!-- Aymara -->
      <value>shp</value> <!-- Shipibo -->
      <value>bor</value> <!-- Bororo -->
      <value>jaa</value> <!-- Madi -->
      <value>xav</value> <!-- Xavante -->
      <!-- Tupian languages -->
      <value>aqz</value> <!-- Akuntsu -->
      <value>myu</value> <!-- Mundurukú -->
      <value>tpn</value> <!-- Tupinambá -->
      <value>yrl</value> <!-- Nheengatu -->
      <value>gn</value> <!-- Guaraní -->
      <value>gun</value> <!-- Mbyá Guaraní -->
      <value>gub</value> <!-- Guajajara -->
      <value>urb</value> <!-- Kaapor -->
      <value>arr</value> <!-- Karo -->
      <value>mpu</value> <!-- Makurap -->
      <value>eme</value> <!-- Teko -->
      <!-- other languages -->
      <value>bi</value> <!-- Bislama -->
      <value>eo</value> <!-- Esperanto -->
      <value>ia</value> <!-- Interlingua -->
      <value>ie</value> <!-- Interlingue -->
      <value>io</value> <!-- Ido -->
      <value>vo</value> <!-- Volapük -->
      <value>pcm</value> <!-- Nigerian Pidgin (Naija) -->
      <value>swl</value> <!-- Swedish Sign Language -->
      <value>qaf</value> <!-- Maghrebi Arabic-French (code-switching) -->
      <value>qee</value> <!-- Spanish-English (code-switching) -->
      <value>qfn</value> <!-- Frisian-Dutch (code-switching) -->
      <value>qhe</value> <!-- Hindi-English (code-switching) -->
      <value>qtd</value> <!-- Turkish-German (code-switching) -->
      <value>und</value> <!-- ISO 639-2 code for undetermined/unknown language -->
    </choice>
  </type>

</pml_schema>
